[
  {
    "name": "Appetite for destruction",
    "releaseDate": 1987,
    "imageUrl": "https://i.etsystatic.com/15564183/r/il/efcd70/1406429540/il_570xN.1406429540_qo9m.jpg",
    "songs": [
      {
        "name": "Welcome To The Jungle",
        "duration": "4:34",
        "mp3StreamUrl": "https://drive.google.com/uc?export=download&confirm=no_antivirus&id=1KWNy7kShloy32vJuJSuxwJvcCxSfzefZ"
      },
      {
        "name": "It's so easy",
        "duration": "3:23",
        "mp3StreamUrl": "https://drive.google.com/uc?export=download&confirm=no_antivirus&id=1AIR60dga9Kbo3kLJl5oaCZaKls-hNikb"
      },
      {
        "name": "Nightrain",
        "duration": "4:29",
        "mp3StreamUrl": "https://drive.google.com/uc?export=download&confirm=no_antivirus&id=1q2O2aMgw9zn3biprAjVe5czWxGuTbEbI"
      },
      {
        "name": "Out ta get me",
        "duration": "4:25",
        "mp3StreamUrl": "https://drive.google.com/uc?export=download&confirm=no_antivirus&id=1q17rfB6fViTyNcyP5hffa_i_Mbbrup6w"
      },
      {
        "name": "Mr. Browstone",
        "duration": "3:49",
        "mp3StreamUrl": "https://drive.google.com/uc?export=download&confirm=no_antivirus&id=1CXPDY2yRn_H-KjZdgYt8-x7vgtOGdE5L"
      },
      {
        "name": "Paradise city",
        "duration": "6:46",
        "mp3StreamUrl": "https://drive.google.com/uc?export=download&confirm=no_antivirus&id=1h_r3mNOxAD36Wcl-rNVX1aD_nRbsMny4"
      },
      {
        "name": "My Michelle",
        "duration": "3:40",
        "mp3StreamUrl": "https://drive.google.com/uc?export=download&confirm=no_antivirus&id=15eNGTzC_RDF-tjkSpwwuK7sigDSES-0y"
      },
      {
        "name": "Think about you",
        "duration": "3:52",
        "mp3StreamUrl": "https://drive.google.com/uc?export=download&confirm=no_antivirus&id=14OB_xakaqV5ZULT7KLSXwuLdsxkpdn0H"
      },
      {
        "name": "Sweet child o' mine",
        "duration": "5:55",
        "mp3StreamUrl": "https://drive.google.com/uc?export=download&confirm=no_antivirus&id=1SfACcvbPaFsHzQGrQGYWYiKt43jtxPr3"
      },
      {
        "name": "You're crazy",
        "duration": "3:17",
        "mp3StreamUrl": "https://drive.google.com/uc?export=download&confirm=no_antivirus&id=1rSKzsUJaYISSm9ogLNo-Sj8uE0VzO1tb"
      },
      {
        "name": "Anything goes",
        "duration": "3:26",
        "mp3StreamUrl": "https://drive.google.com/uc?export=download&confirm=no_antivirus&id=1xZlhOX-VA_bcb3We5hl1qSK690xBTVLM"
      },
      {
        "name": "Rocket Queen",
        "duration": "6:13",
        "mp3StreamUrl": "https://drive.google.com/uc?export=download&confirm=no_antivirus&id=1j7Yon1I6sN3Akqi4WX7DzTsJLWEhwou9"
      }
    ]
  },
  {},
  {}
]